{"cameraMode":{"drawMode":0,"name":"Shaded","section":"Shading Mode"},"sceneLighting":false,"audioPlay":false,"sceneViewState":{"m_AlwaysRefresh":false,"showFog":true,"showSkybox":false,"showFlares":true,"showImageEffects":true,"showParticleSystems":true,"showVisualEffectGraphs":true,"m_FxEnabled":true},"in2DMode":false,"pivot":{"x":-4.6619954109191898,"y":0.0012136287987232209,"z":1.8062171936035157},"rotation":{"x":0.15885518491268159,"y":-0.8352577090263367,"z":0.4225143790245056,"w":0.314078152179718},"size":0.32620829343795779,"orthographic":false}