{"cameraMode":{"drawMode":0,"name":"Shaded","section":"Shading Mode"},"sceneLighting":false,"audioPlay":false,"sceneViewState":{"m_AlwaysRefresh":false,"showFog":true,"showSkybox":false,"showFlares":true,"showImageEffects":true,"showParticleSystems":true,"showVisualEffectGraphs":true,"m_FxEnabled":true},"in2DMode":false,"pivot":{"x":-0.20000000298023225,"y":-0.03999999910593033,"z":0.17000000178813935},"rotation":{"x":-0.11181391030550003,"y":0.8045605421066284,"z":-0.16041916608810426,"w":-0.5607654452323914},"size":1.8933253288269044,"orthographic":false}